text,label,note
"If it appears on /r/all that means you have interacted with that sub in the last few days, IE you have clicked on a post. If you haven't interacted with it you won't see it. Simple as that. So don't interact with it and it will disappear from your feed in a couple days.",reaction,informational meta
"That’s hard, They are really different. Both had stronger initial seasons, I think the crown edges out mad men. From the volume and depth of stories, characters, the accuracy and number of solidly written episodes.",hot_take,Crown>MadMen comparative preference
"""If that really was why, then they should hate all shows with a laugh track like Cheers, Seinfeld, MASH, The IT Crowd, Frasier, and the list goes on."" Like I said it sadly makes me think a lot of those people have never really given many older shows a chance.",analysis,names shows as counterexamples in argument
"With The Bear, I think that there's the example of S3E5 (Children), which had the reoccurring ""haunting"" argument between the Faks throughout the episode that a lot of viewers got annoyed by, but then it was followed by the Tina-centric episode Napkins, which felt closer to the best of S1/S2 Bear.",analysis,specific Bear episodes as evidence
You say all the bs of season one but there's a lot of good in there! Not that you didn't say there wasn't good stuff in season one. And oh boy do I agree the characters and their dynamics were.. lacking in certain way lol,reaction,conversational qualification
"> Why not do some tests? Do blood work, MRIs, CT scans, see if and how she functions differently vs non-immuned people. The game doesn't tell us very much, but even then, you can see xrays and other types of imaging in the OR when Joel walks in. So yes, they probably did some tests. But sometimes, you can't figure out what's really happening unless you get a sample of it. That just how science works unfortunately. And the brain just so happens to be one of the trickiest organs to sample. In a normal world, they would take all the time needed to figure something out. But this wasn't a normal world. This was a world that was decimated by a killer fungus and had left humans fighting each other for scraps just to survive. In a world where one scratch, or even a sniff of the spores, is a death sentence, your options run out very quickly. You do what you need to do.",analysis,
I wonder how they're going to approach the concept of ageless characters like Spike and or Angel. Will they just ignore the comics and say that they both died fighting the Senior Partners' army in the finale to Angel? Or will they recast them?,reaction,reboot speculation
Dumb af you got downvoted. I looked it up and you’re right.,reaction,meta
I thought we learned a lesson after Game of thrones HBO?? Infuriating,reaction,"emotional, infuriating"
"Eh, it somewhat fit for that one because there was a bit more to her story, she wasn't just some random nun trying to escape her ""destiny"", she was literally a disabled girl who was forcefully killed by the person who was responsible for caring for her, but was tortured near endlessly instead. Then she finally gets brought back to life, while suddenly having all this strength and ability and gets to live for the literal first time in her life, then runs into a group of people her age and gets brought into a social circle for the first time, etc... Combine that with the fact that the nuns spent the first half of it literally debating whether they should just kill her because she ""wasn't worthy"", as well as all the other fucking her around and surely you can see why she wasn't all gung-ho and ready to face down with a being that has literally slain both angels and devils?",analysis,
"Agreed. I have felt that this season has been lacking, but this episode is easily one of the most well done in the show. I immediately went online to see how other people felt and was so surprised that this episode was getting so much hatred.",hot_take,well-done verdict
"Billionaires have always argued 'corporations deserve to make some much profit' because they are job creators. They have figured out how to profit off of the deletion of jobs. Additionally, if you pay for something, you shouldn't also get ads. That's called double dipping.",hot_take,asserted economic opinion (double-dipping)
Doctor Who saw nearly two decades of success after the reboot,reaction,informational
"What baffles me, is how the majority of them hated the second game, yet still played it for 25+ hours, and then proceeded to watch both seasons of the show. A bunch of joyless, hateful little basement dwelling cretins.",reaction,fandom insult venting
"> It was literally only a few hours after Joel and Ellie were knocked out... It doesn't take that long to do imaging on an unconcious patient. And we don't actually know how much time passed between them getting found and Joel waking up. Joel wasn't knocked out, only Ellie was. For all we know, he probably had some time to eat something and sleep for a few hours while Ellie was being treated. > No competent scientist would have immediately thought of killing their test subject and ruining the only opportunity you might have. Again, it's about options. They barely had enough resources to keep the OR running, not to even mention the entire hospital. Do you know how much domain expertise it takes to run a tetiary institution? You make do with what you have. Not to mention that the Fireflies were in an all out war with FEDRA. In an ideal world, you wouldn't need to smuggle a person like Ellie out of Boston, or even commit her survival into the hands of a burned out carpenter-turned contraband smuggler. No, she would be escorted in a freaking military motorcade, and have her every whim attended to like she was the princess of the planet. So yeah, you're not wrong. You're just failing to account for the reality of the world they exist in. Plus, this was something they'd been looking into for a while. They had a research lab at ECU that was destroyed, remember. They were waiting on Ellie for quite a while by the time she arrived. So it's fair to expect that they already had all their ducks in a row.",analysis,
"The game earns the player's investment in the characters, which makes the personal interactions much more interesting and important. The show version of the story is so compressed and brief, then when the show takes its time to dwell on the personal interactions, these really don't feel like they have been earned yet because the viewer hasn't been given enough reason to be that invested in the characters. The show itself seems to rush through a checklist of the game's plot points and details, which are not in full context, and it does not surprise me when I see people discussing parts of the plot the way you have. Season one had this problem to a degree but it was enough of a straight-forward story focused on very few characters that I think it was an easier sell even in its compressed format. The game Part II though is more like a big complicated and rich novel with several more important characters and relationships than the first game that season one adapts. This show just doesn't have the time to make these things work.",analysis,
The weakest in every aspect except everything Baby Billy did.,hot_take,weakest-except ranking
You in for spectacular ride. Final season is one of the BEST!,hot_take,superlative final season one of BEST
"They railed nailed the casting of Young Joel. Don't know if it's from the game, but loved the subversion of why Joel/Ellie are at odds was due to the Eugene incident and not last year's finale. That situation itself felt like a nice nod to what happened with Sarah, and Joel in the role of the soldier. Given the passage of time nature of the piece, you get to see characters evolve and Bella Ramsey played that beautifully. You rarely see Ellie this relaxed and seem like an actual teenager, and they sold that very well. Pedro Pascal... DAMN. I was hoping that entire last scene with him was non-verbal cause he was doing so much, but the way they bookended that with the speech from his father (Joel Sr., I guess; as his uniform tag read ""J. Miller"") was something you could probably see coming, but works effectively nonetheless.",hot_take,enthusiastic praise list; specifics decorative
"That was one of the best episodes of the show for me. Easily the best of the season. I know season two and especially Bella are being critized a lot (sometimes unfairly) but I think this episode showed why season one was so much better. The Joel and Ellie dynamic works better for the show than the Ellie solo dynamic from TLOU 2. Like don't get me wrong if they adapt that arc well I think it can work but there is just something so much better about Joel and Ellie just being together on the show. It just works better for a TV narrative. Besides the final scene in last week's episode this was my favorite episode for Ellie. Ramsey is a good actress. It's just for whatever reason, maybe it's the writing and maybe it's her, she just hasn't come across well in season two. Until this episode when she went back to the Ellie we knew from season one. I guess she's broken and she's struggling. But the way they've kind of shortchanged that with the quirkiness hasn't worked so far. I'm excited to see what happens now that Ellie seems to be fully unhinged though. Also Tony Dalton is the fucking man. Whenever I see him the show/movie instantly becomes better.",hot_take,"articulate opinion, dynamic just works better asserted (T4)"
"They top this in S10, there's a terrible Carol & Daryl filler episode with a deserved 4.1 rating which is immediately followed by Negan's backstory with a 9.2 rating and is considered one of the standout episodes of the entire series.",analysis,specific WD ratings 4.1 vs 9.2
"That was a really sweet moment with the kids. I'm happy that he seemed to break the experiment a bit to give those kids that experience. Granted it was still to gain something so he could be seen as an autism advocate. It was interesting watching him walk a line during the autism stuff. Ever since Nathan For You people have kind of assumed Nathan was on the spectrum. I've always just thought his awkward style of comedy was being misinterpreted but I know people have thought this about him for years. So seeing him kind of respectfully push back with the doctor was interesting. I'm sure he was well aware of the discussion regarding season one and autism. Like I said I've never considered him to be neurodivergent or trying to make a larger point. So he kind of had to walk a line by telling her his original point while still being respectful of the message some people might be misinterpreting. Of course I could totally be off base and be misinterpreting his comedy myself. I've just always thought his comedy was supposed to be awkward, uncomfortable and anti-humor.",hot_take,"interpretive musing on Nathan persona, no checkable specifics"
It’s sorta that way in the game too.. the game was built on his and Ellie’s relationship without that you just feel a lil lost (*I know that’s the intention for the second game - but it just didn’t work at times*),hot_take,didnt-work-at-times opinion
"The show actually had more mentions of space than the game did I think. She mentions she wants to go to the moon in season 1 and Joel and her bond over him knowing who her favorite astronaut is, she later says they can live in a sheep farm on the moon, she has space stuff in her room and she mentions astronauts who died before takeoff when they find the tank a couple episodes ago. Plus the scifi comic book back in season 1. And I’ve never really been into “react” content on youtube but I make the exception for TLoU just cause I want to know what non fans think of it since they’re going in fresh and across the board, everyone seems to really buy into Joel and Ellie’s dynamic almost immediately but especially by the time they make it to Jackson in season 1. It feels different cause in the game, there’s definitely more survival but most of the 30+ hours was video game-y stuff. And that’s the kinda stuff regular people just filled in the gaps with. There’s an idea that you need a prolonged time with characters to actually like them but that’s actually not true, or movies would never have any connections with audiences. The reality is you have about 2-3 scenes or about 15 minutes tops to get onboard with a character, but it’s usually done in their first few lines. That’s why most characters’ first scenes are them being funny or brave or cute or heroic or even put in a bad spot. More connection and understanding can be grown from there but if you need more than several movies worth of screentime to care about a character then there’s just a fundamental misunderstanding of how easily humans connect to things. Put two googly eyes on a rock and you’ll have people immediately like that rock. Like as a random example, the character of Beetlejuice has only existed in live action less than 30 minutes and he’s one of the most famous characters ever created. Stand By Me is better than most things ever made and it’s almost as long as the pilot episode of TLoU. For any proof of its execution, this episode was the highest rated episode of the season by critics and most critics didn’t even play the game. But yeah, I’m a writer who loves the games so it’s just fascinating to me how regular people are absorbing the show and what’s the response to the changes along the way. Personally, I think I’ll always enjoy the game more but I’ve been really enjoying the show and I don’t think I’ll ever stop dissecting it and the response to it.",analysis,
I think just watching the cutscenes from the game without playing it still has more impact than what the show is doing. They are sanding off the weird raw expiremental edges from the game which is what makes it stand out.,hot_take,cutscenes>show assertion
"I watched swat until last year ( I think ). Hondo is a piece shit ( character, actor is fine ). Weird seeing the worst charater be the last man standing, and then he jumps on a life boat. WTF? So, I hope they change 'hondo', because that guy sucks.",hot_take,character venting + plot ref
"Why would he ""barely make it out of medschool""? Why do you call it absurd...? You have no idea what the process of production is yet you say this... The way you are convincing yourself that it would not have worked based on nothing is a proof that the ending is working.",analysis,argues ending design logic
">A noble way to tank the economy ngl Yeah maybe. But if a system is built off a foundation of requiring infinite growth forever, which by definition isn't possible, then maybe the merits of that system need to be reevaluated.",hot_take,economic opinion
"Yeah I respect them for choosing to split Ellie/Abby seasons like in the game, but it's going to be very hard for the marketers to make people interested in season 3 when it's about a character who has only had 15 minutes of screentime and killed Joel!",analysis,adaptation/marketing reasoning w specifics
"Joe Pantoliano! Just fabulous. Tony Dalton was excellent, as well. This episode nails its purpose. Interestingly, it gives us the entire resolution of Ellie's relationship with Joel *long* before the game does.",hot_take,praise verdicts (fabulous/excellent)
"Why? Seattle days 1 and 2 were both one episode each. Day 3 should be no different. >!Some dialogue scenes at the theater, Ellie goes off to the aquarium, gets there, has her scene, back to the theater, cliffhanger. !< It’s not like they’re going to show 40 minutes of Ellie piloting a motorboat around.",analysis,argues from episode structure
"> i guess redditors love creating problems out of nothing Created the problem out of nothing, brought ""the dictionary states"" as a valid argument, can't understand that not everyone reads the same as them, doubles down when it's obvious a lot of people disagree with them. ^^^Not ^^^pedantic ^^^though ^^^lol",reaction,interpersonal pedantry sniping
"The point of Joel’s decision was it didn’t matter whether a cure always possible or not, Ellie is his daughter and he will do anything to protect her. Ellie was pissed at him after finding out the truth because he robbed her of that choice.",analysis,thematic interpretation
Black market was horrendous. The bad guy was such a characature. And Lee completely abandoned everything about himself. If they made it around Tigh maybe it would have been less awful. There's a lot of other problems with it but that's a start.,analysis,specific BSG episode critique
> I remember at the time of the first game’s release he was pushing the idea that neither decision from Joel would have been “wrong” and the cure wasn’t a certainty. Should be easy to find record of it then rather than just some vague remembrance from over a decade ago?,reaction,challenge
"I never stopped pirating, but it did decrease for a while when 1 or 2 streaming services got you like 90% of what you want. Now with how fractured it is, I'm pirating more again. No way in hell am I gonna pay for like 15 streaming services.",reaction,personal piracy anecdote
"Live audiences laughing when a scene is genuinely funny is one thing. Late night talk shows have been making that work forever. BBT is just, not in my opinion, a funny show, and the laughs somehow make it worse. We get it, they're nerds. OMG he said Klingon! LoL! Same thing goes for Georgie and Mandy. Young Sheldon was funny on its own. When they went to the new series, the writing got worse, and the laugh track feels like a cheap way to make up for it. Mash, Cheers, Seinfeld, Frasier, Roseanne, King of Queens, etc, are all great shows, and the laugh track adds something. Take Tim Allen as a case study. Home Improvement and Last Man Standing were funny shows, and the laugh track felt genuine. Shifting Gears is not funny, and the laugh track feels inauthentic and jarring.",hot_take,BBT essay: long but all premises are taste judgments (T4)
"Oh, don't forget that if it's from ENT or earlier it'll also have something racially or sexually problematic on top of the actual sack handling, along with some random sexism. Something like: **Act 1:** One of the female crewmembers is shown to have problems communicating with other women. They arrive on the planet, and find out about the sack tapping (which is lauded by the men for how straight-forward it is). **Act 2:** The crewmember falls in with the all-female anti-sack tapping resistance, who only wants to introduce a new form of communication that would allow women to also speak to each other rather than men having a monopoly on all communications. **Act 3:** The crewmember tries to help the resistance with some protest despite the captain telling her not to, and they fail. The captain gives her some small token punishment and is like ""I know how you feel, but it's their culture and not our place to intervene unless their [all-male] government requests it."" It ends with the captain watching as the crewmember communicates more confidently with other women on the ship, and we see them give a content smile as they tell the log that the trip did bring some good after all.",reaction,"long comedic parody bit, not an argument (T3)"
"I found it to be wildly offensive, and so blatantly xenophobic, that no amount of injected self deprecating satire can mask. Imagine if there was a satirical SNL sketch about Israel (to the same level of blunt aggression). How do you think that would go?",hot_take,offense judgment + rhetorical analogy
"Yeah sorry that is the only bit where I wasn't very specific. Disclaimer: I get that people hate a lot of the newer SW shows and movies and I am not saying that they are perfect and amazing. What I mean is that a whole bunch of people hold ANH above everything else and I am saying that what it spawned (yes including ESB and RotJ but to a lesser extent) are far richer and more engaging (for me at least). People think his stuff is a bit CWish but Dave Filoni's shows have always been a pleasure to watch and full of amazing little interlinked details that make you go ""Ohhh that is the guy from that show"". Andor and Rogue 1 are well loved. Solo was a fun movie that fit right into the cannon with some great details. Even the Acolyte was fun and full of things that make me love the Star Wars universe. That all said I think the most boring bits of Star Wars have usually been the Skywalker kids. It is a huge universe and it tends to be better when you concentrate on stuff that isn't Space wizards.",hot_take,"preference-forward (for me), vague support"
"I can see why this didn't get a second season. It's just, ok. The concept is interesting but not new. Too much family drama and the country music angle is unnecessary. The demon fights are basically an afterthought. This could be a lot better.",analysis,specific aspect-by-aspect critique
"I don't think it's lazy; I think it's a fundamental reason why the show will never have the same impact as the game. And that's good, because it goes to show that the interactivity and level of engagement required to play a videogame allows for an experience that passive viewing can never deliver.",hot_take,"asserted medium-difference principle, no specifics"
"Letting those kids into the airport to practice was so incredibly sweet. That wasn't Nathan being ""Nathan For You"" Nathan, that was the real Nathan coming out. You can tell because he didn't spend an exorbitant amount of time on it in the show, however, that was probably a whole days worth of doing that with those kids. I think Nathan is funny beyond belief, literally a comedic genius, but he's also incredibly thoughtful and wicked smart. The way he blurs the line between comedy and actual research/ doing something actually good is so crazy. My husband and I just love the guy. Side note: both congressmen kind of sucked, but I'm not all that shocked really. I can't remember the last time a politician actually cared about doing anything good that wasn't wrapped up in their own self interests. The way the original one he was trying to contact said no to a meeting- um, no sir, you work for us. Taking meetings with the people you work for is part of the job. And the Cohen dude... yuck. The way he barely paid attention to him at all, and then just cut him off at the end was basically like, ""Good day to you, sir"" was so unprofessional. Nathan may do weird, silly, and insane things, but he is trying to do something good and this idea that just because he's a professional ""funny man"" means that he can't be smart or do anything serious or good is kind of ridiculous. Plus, the fact that the guy claims to be all about autism yet doesn't even know a basic term like masking is laughable. I'm not autistic and even I knew about it.",hot_take,"mostly appreciation/gushing, thin evidence"
"Narratively, I don't think it really matters. Like Joel says at the end of the first game, ""You keep finding something to fight for..."". It doesn't matter if the vaccine has little to no chance. For the Fireflies that's why they fight, live, and look for the light. They need to pursue a cure because that is their reason for surviving. Even on the smallest of scales, it's meaningful for why they push on. There wasn't a scenario once Ellie shows up where Ellie doesn't die to desperate people at St. Mary's. They have to take that chance in their ever darkening and shrinking world view. By the time we get to hospital they've been losing people, flailing from place to place, and not really winning any ground towards their goals. Contextually, it's not just meaningful anymore, it's all there is. Joel definitively ends the means to a far-fetched cure ,as unbeknownst to them some smuggler needs her just as much as they do, but he shatters them by smothering their final cinder. So I'm not sure the cure is ever truly meaningful beyond the fireflies need to believe in it, Ellie's search for her own worth despite so much loss, and as a simple catalyst to set things in motion in Boston. Which is why it's so weird that the show made it so concrete and less complex of a scenario. But who knows if they will punch holes in that next season with other flashbacks.",analysis,
My wife and I both looked at each other when he said that. Amazing.,reaction,bare valence Amazing
Black man here. Married to a black woman. The shit is racist.,hot_take,"asserts racist, no elaboration"
I think the ambiguity of whether the fireflies would have been able to make a cute ads to the impact of the story and didn't cheapen in at all. Making it a certainly makes Joel a monster for condemning humanity.,analysis,argues ambiguity improves story
"I’m not saying that just because the creator likes it it’s perfect. I’m saying it’s unfair that so many people are throwing hate at Craig and saying Neil gets the story and he doesn’t, when they’re working closely together. Okay, but have you asked yourself why they might’ve done it? Cause once you look at it through the tv lens, this is a necessary change. Games and TV are formatted differently. Out of 90% of the changes, this one makes the most sense. Not to mention, that’s not the climax. In the game, that’s the denouement. The climax is Ellie letting Abby live, that’s when the thesis of the game truly comes to fruition and when Ellie makes a choice in accordance with that thesis. Not to mention, you didn’t know the porch scene would be in this episode, so you don’t know how the ending will be. I don’t think it’s crazy to say some of the changes are absolutely better, even in this season (and I agree the season so far isn’t as good as the game. But imo it’s still amazing TV). But there’s always a change the ending on the show will be better. The writers see the full picture, we don’t.",analysis,
"I don’t really post on Reddit or social media in general but I have to tell this to someone. Ben stiller is literally one of the best directors I’ve seen, and I am not only talking about the script and how brings out the best in the actors or how the story falls perfectly in place. I am currently watching severance and boy does he know how to frame a scene, I mean observe closely every single frame in the series literally every single one can be an award winning photograph! Literally all the scenes even the scenes where the characters are sprinting through the hallways, the camera is at a perfect angle the character/s are perfectly in the middle square and don’t even get me started on the symmetry in almost every frame. I mean it’s not all him, the DP Jessica Lee Gagne is the main brain behind this but he worked very closely and set the visual tone for the show. If it’s not too bold, if you look at it from a pure perspective of cinematography and filmography in framing of a scene,the show is very close to the visual experience of a Wes Anderson film, the tone of the script and narrative is different but if I literally just screenshot a scene from severance and a Wes Anderson film and filter it to black and white it’s very similar framing.",analysis,craft observations + names DP; gushing but grounded
yeah. the tell don't show people clearly missed the tell this episode. Ellie began doubting Joel's truth on her 16th birthday. she moved out to the garage a full two years before the present events. she basically had confirmation that his words didn't hold value for nine months.,analysis,cites plot timeline as evidence
"""Thoughtcrimes"" lolol Mah guy. Do you not understand how guilt works?",reaction,
They've rushed to practically every pivotal moment - why stop now?,hot_take,rushed every pivotal moment critique
"So they knew how they'd mass produce and distribute the vaccine? Especially without the military's assistance. In our current world, there was a struggle to get the Covid vaccines mass produced quickly. You think 20 people would have the capacity to make vaccines for millions of people around the would? (Even with a 99% mortality rate, that'd still be 80 million people...). > Not to mention that the Fireflies were in an all out war with FEDRA The military would likely have the resources to mass produce and distribute the vaccine. The CDC still exists in the game's world. Coordinate a ceasefire and cooperate to test the cure (no competent scientist/researcher would let a cure or vaccine in the wild without even one trial or test), and mass produce and distribute it. But no, these 20 people were humanity's *only hope* as implied in the second game. It's ridiculous even to type that. > For all we know, he probably had some time to eat something and sleep for a few hours while Ellie was being treated. So...a day or two? What competent scientist would kill literally the one person that could lead to a cure after one or two days of doing tests? If you kill her and nothing came from it, you're screwed. Oopsie. It should only be absolute the last resort. Like they're super desperate after doing every test imaginable. Like i wrote in one or two of the other comments, this would have easily been fixable by setting the climas a year after Joel and Ellie arrive at the Firefly HQ. Hell, most of the dialogue wouldn't need to be changed either.",analysis,
"The Orville The Seth MacFarlane vanity project is beyond terrible. It just screams, ""Look at ME ! I'm Rich ! I'm a Big Boy ! I can hire Hot Chicks and make out with them and pretend I'm a Space Man!"" Complete trash. I'm embarrassed I probably gave it three episodes.",hot_take,pure taste venting (complete trash)
The Good Wife…great show with a disappointing finale (it wasn’t horrible just was a bit mid). The Good Fight…great show with a really good finale. You should check out Elsbeth the third show in the franchise it’s really good so far.,hot_take,multiple finale verdicts/rankings
"> i really don’t understand people being like “it HAS to go like this!” Because some people are so attached to certain media that they can't take a step back. They watch like a hawk and unless a change is unequivocally better than the original, they immediately start looking for ways why it's bad.",hot_take,"claim about fan behavior, asserted"
"I don't know if it's her acting or the writing, but thr scenes tonight made it clear that this is a very poor imitation of the Ellie that existed in part 2 of the game. Just watching the porch scene from the game makes that pretty clear.",hot_take,poor-imitation judgment
It actually changes the voting though (for better or worse).,reaction,
"But, to be faaaaaaair…. That’s very much the tone of the show, IMO.",reaction,conversational qualifier
"If they follow the plot of the game which they seem to be doing it does make sense in the end. I'd say this show(/game) is about the journey as whole to see the overarching plot, not just each stop along the way.",hot_take,general defense claim
"Well, sure. I don’t buy this part of the story, I can’t imagine how these guys would be the ones manufacturing a cure, that it would actually work and that the only way to do it is by killing Ellie, but Joel believes it and that explains his motivations.",analysis,reasons about Joel motivation
Nah thanks. she clearly isnt able to correctly pronounce the Letter S in any Word just listen. Its not an accent thing she does this with the American accent too https://youtu.be/rmwJ5D_54Yw?si=IJMpL7NkrUinjMht,analysis,specific S-pronunciation critique + link
House of the dragon season 2 is the biggest culprit of this.,hot_take,names HotD S2 as biggest culprit
Yes fourth season was a real return to form. 3 was the weak link,hot_take,"season ranking S4>S3, unsupported"
I think people are misunderstanding Ellies anger in that scene. She isn't solely angry at Joel for lying about Eugene. What she's really angry at is how easy it is for Joel to lie as she is now 100% convinced of her suspicion that Joel lied to Ellie about what happened at the end of Season 1,analysis,scene interpretation grounded
"I never played it, but I really liked this episode. The season has been really up and down as a whole for me though. I didn't need to hear about how Ellie loved space, but I just got it from what they did show.",hot_take,up-and-down verdict + critique
Based on character names definitely The Americans. Great show.,reaction,prompt answer+bare praise
"Exactly this. It's meant to be set in the late 00s and early 10s, but reimagined in a contemporary world that will also attract more recent generations. This show works on many levels because it intelligently weaves gay culture, millennial culture, and gen z culture.",hot_take,"works on many levels, no specifics"
"I’ve mentioned this in a couple of replies, but I think the inclusion of the porch scene so early, was a great idea. I have friends who are tv show only watchers who will never play the game, and waiting until the end of season 3 which won’t happen until 2027 most likely would lessen the scene’s impact. Including it now in the penultimate episode as most likely season 2’s most powerful scene makes it more memorable. I also think that they’ll create a brand new original scene that’ll hit just as hard between Joel and Ellie via a flashback that they’ll stick at the end of season 3 where this porch scene was originally in the game. I mean take a look at all of their new original scenes they’ve added in the show, like the opening for tonight’s episode. They’ve all been hits.",analysis,structured adaptation-strategy argument
"The second game absolutely does not communicate that a cure was a certainty. The uncertainty remains. I have no idea why Joel in this episode of the show seems to think it is a sure thing. It was a possibility, but definitely not a sure thing.",analysis,cites game content as evidence
"I thought that him lying about it was the compassionate thing. Open to disagreements. Ellie was in the wrong and lashing out, kicking a grieving woman while she's down and leaving her with a lasting grudge and hatred.",analysis,moral reading w specific behavior
I honestly don't care about this sort of news anymore. The vast majority of people are far too weak to go without their precious Netflix to make any sort of point to combat this. They need their virtual babysitter to comfort themselves so they'll pay any upcharge.,hot_take,cynical assertion about consumers
a flashback after boring shit I think I'm done with this show.,reaction,boring valence
"> If there wasn’t a significant chance they would succeed How are they so certain? Ellie is literally the first person they've encountered that is immune. Why on literally the first day of having her do they jump to the conclusion of killing her? > Therefore the characters, and the audience, needs to believe that it was a legitimate chance at a cure I wrote this in another comment, but I find it impossible to believe that any competent scientist would jump to the conclusion after *one day* that opening her skull and killing her was the only option. > the whole story falls apart You're not wrong. The ending makes no sense the more you think about it. Like I wrote in a couple of other comments, this could easily have been fixed by setting the climax a year after Joel and Ellie arrive at the hospital/HQ. You can imply or have one line of dialogue where they've done tests and experiments, they're desperate, and there's a chance that maybe it'll lead to a cure. But not after less than one day...",analysis,
"Of course. To understand the ending of Mad Men, particularly the Don Draper ending, we must observe how ads are used in Msd Men, and for what purpose, and we must observe the ending of the other characters. All the other characters worked through their inner struggles of the last 10 years and came out nenewed and grown. Roger confronted his aging and fear of death, and settled with a woman his own age; Joan shed her beleif she was dependand on men and set out on her own; Peggy who struggle to be recognized as a person finally fell in with Stan, who saw her as a person, as opposed to all her other boyfriends. Pete shed all his trappings of a New York blue blood (even New York itself!) and became his own self made man. Even Betty, being forced to confront death, is maturing. Since all the other characters found resolution, it's logical to assume Don Draper did as well - and then scene with Leoanard is it's ultimate catalycist. Throughout the show's run, the ads were being used to illustrate a point or a theme of the episode. Mad Men wasn't really a show \*about\* advertising, it was \*using\* advertising to underline it's themes. Don's advertising was progressively getting darker and darker, reflecting upon his inner struggles. By series end, Don Draper went west and lost every identifying marker of Don Draper: Sterling Cooper agency didn't exist anymore, he gave away his money, his car. Then he embraced Leonard, and embraced and accepted himself. We hear a ting. Don's final ad then is about harmony and joy, indicating he found inner peace. The complete opposite of cynicism.",analysis,
Agreed 100% I literally told my wife that didn't entirely watch me play the game that if she thought the second episode was sad wait until the very of the show. I was so mad they did this porch scene right now. It hits so much harder at the end. So now I hope the trajectory does change.,hot_take,scene-placement opinion + agreement
Yeah you see this one episode across different locations and years and it all feels real then for whatever reason we get the Seattle present day stuff and everyone looks squeaky clean like a CW show. Don't get it at all.,analysis,specific visual-consistency critique
“I got a keen eye for these things” Oh no Joel you sweet summer child,reaction,
It always reminded me of the fake Rhino scene from Ace Ventura 2,reaction,reference
Boring episode this week. Last two have been bangers though.,hot_take,episode ranking boring vs bangers
"I mean in the game he is conservative old school dude from Texas and he accepts her. What is now making this version of Joel not accept her? Part of how the game demonstrates how much he cares about her is how quick he is to accept him and Dina and how he stands up against someone being homophobic against her. You don’t think Ellie is the answer to his prayers to have Sarah back? Isn’t that the whole point of their relationship? That he finally has a chance to be a father again. He even compares them directly in both the show and the game. He says to her “experimenting with girls?” With a disgusted tone and look on his face. Then he says “I’ll talk to you when you come back to your senses” when she says she wasn’t experimenting. I don’t think Joel’s progressive I just think at this point he cares too much about Ellie to not accept her completely like he does in the game. I don’t know what the show gains from this. Why does he need to be homophobic to show growth? Couldn’t they just use his lying to telling the truth to show this? Again, they are trying to make the show more palatable to the anti woke crowd who got mad at the game for being too gay.",analysis,
You idiots need to stop jumping the gun on downvoting comments.,reaction,meta
That's actually a problem for me. That porch scene is basically how they ended the game because it obviously hits you like a truck. And it was basically shot-for-shot with the game. How they follow that next week is beyond me....much less Part 3 with Abby.,analysis,shot-for-shot with game ending
I think after a certain point you need to respect your audience enough to make the artistic choices you have to make. Rearranging the scene is fine if its done because they legitimately felt they could tell a better story but I don’t really wanna see artists sacrificing their vision just to please an audience,hot_take,"general artistic-integrity stance, no specifics"
every comment was negative I couldn't believe it. I've got issues with the show as a huge fan of the games but even I could admit they crushed it this episode. loved most of the changes they made from the game,hot_take,crushed-it verdict
"I actually thought maybe Stevenson was going to give him up or maybe i was just really hoping he was going to spill she gave up Seraphena for Brendan because yeah Maeve has that Cerci level ""i wish a really graphic death upon"" kudos to Mirren Now I'm actually hoping she has some interaction with Janet McTeer character",reaction,plot speculation/hope (T3)
It’s getting hate from people with little to no media literacy.,hot_take,dismisses critics as media-illiterate
"It's always sunny did the opposite Mac day, followed by the gang saves the day Excellent episode with everything that makes the show great, followed by one of their two worst episodes, the other being frank's brother",analysis,specific Sunny episodes ranking
"> It was season 2, episode 7. The imdb scores of episodes 6-10 are 9.2, 6.6, 8.1, 9.5 It was episode 8, you listed the scores from episode 7-10. > pretty unnecessary Anyone that truly believes this paid 0 attention whatsoever.",analysis,corrects with specific imdb scores
"""What I mean is that a whole bunch of people hold ANH above everything else and I am saying that what it spawned (yes including ESB and RotJ but to a lesser extent) are far richer and more engaging (for me at least)."" You havent justified yourself at all.",reaction,interpersonal challenge
"I'll agree that both versions of the text have their own strengths - I think there are things the show is doing that is better than the game - BUT it also highlights my point, the differences in the show all serve the way that the story is being told because it's one 45 minute TV show in a season of 10 and not a self-paced chapter of a 30 hour video game. It's Dina _not_ Tommy so to set up the (honestly) better evolution of the Dina/Ellie relationship, to shortcut how they learn about the WLF, and to put Tommy back in the town so we can a wider understanding of Jackson and not just through Ellie, Jesse and Dina's viewpoints. We couldn't have ever seen that in the game because we're only ever with Joel, Ellie or Abby. Abby explicitly sets out her motivations to camera because we didn't have the time _with_ her before this to learn them through the gameplay. The cabin? I can't justify that change, maybe its production related, maybe having the Seattle 5 and Ellie and Joel and Dina was too hard to light properly, maybe it makes sense because that's where they slept.",analysis,
"One of the better episodes this season. I enjoyed how they used Eugene's death as a way for Ellie to confirm that Joel was lying about the Fireflies/Salt Lake City. I also enjoyed the expansion on Joel's childhood, etc The line where Eugene is begging to see his wife's face is ironic, in a few ways. I imagined Eugene envisioned a relatively dignified end at his wife's side, had he returned to Jackson. Conversely, Joel got anything but that, and died a beaten mess on the floor. I do wonder - was Joel grateful to see his surrogate daughter one last time before dying, or did he feel shame at her seeing him as a tortured husk, especially considering this is all in the aftermath of the conversation they had the previous night? This season has been mixed so far - we'll see how Episode 7 is next week.",analysis,develops irony/parallel interpretation
"You “totally believe most comedy shouldn’t have limits” but someone playing an awkward character doing something to imply he has autism is too far? Kind of sounds like you very much think comedy should have limits, but only when it directly relates to you lol",reaction,interpersonal logical jab
As long as news organizations only care about profits and viewership and not the truth; the news will just be whoever can pay the most and which corporations and billionaires can put the most pressure on them. True journalism will be destroyed by capitalism's eternal quest for maximized profits and dividends.,hot_take,"sweeping media-industry claim, asserted"
"I mean I agree, its completely unrealistic. Its just one of those things where you’ll have to suspend your disbelief for the sake of legitimizing the moral conundrum To be clear, even TLOU Part 1 was not intending to be ambiguous about whether the cure would work. It was just contrived",hot_take,"assertions about authorial intent, no specifics"
"True, I guess the average watcher doesn’t have a clue about what the proper scientific and medical procedures are, so maybe they took an artistic liberty expecting most wouldn’t care. This is the same series where one man took down an entire military compound by himself, to me that was just down right silly",analysis,uses one-man-compound example as evidence
"I think he played his reaction up, but I would not assume he answered wrong on purpose. I didn’t even read it as a particularly comedic scene tbh. Overall he treated the subject of ASD pretty respectfully imo",hot_take,impression of Nathan intent
Finally an ep that hits all the right notes. The porch scene was pitch perfect. How good were Pedro and Bella? I hope this is turning point to Ellie's character arc. The switch that turns on. Always good to see Dalton. He elevates any scene he is in and being Joel's dad was perfect casting.,hot_take,"praise verdicts (pitch perfect/perfect casting), unsupported"
He’s a better actor than Bella but shouldn’t he be? There’s decades of age gap. I think Bella has been fine. The biggest thing holding her back is her looks which are only a problem because Ellie is a cold blooded murderer throughout these events.,hot_take,opinion w light reasoning (looks/age)
">which is that the game cared about my demographic a lot, and the television series… well, it doesn’t. I hate that there's no media for males. Such an underrepresented demographic. Where oh where can we ever find a show or a game that caters to men?",reaction,sarcastic jab
"“You breathe a word of this to *anyone*, you mincing fucking *cunt*, and I will tear your fuckin’ skin off, I will wear it to your mother’s birthday party and I will rub your nuts up and down her leg whilst whistling Bohemian fuckin’ Rhapsody, right? Now get out of my fucking sight!”",reaction,verbatim quote for fun
Nothing at all like Ray Donovan. Completely different tone.,reaction,brief tone comparison
"As someone who played game 1 but skipped 2, I'm loving this show my goodness. It's great. The games... They are lengthy and the pace fucks up a lot of the impact for me. I enjoyed season 1 more than my playthrough of the game.",hot_take,personal quality verdicts
This is nothing new. Nothing could possibly be worse or more in your face than the Transformers movies. Remember the scene with the Beats speaker? Or the beer truck? Those movies were nothing more than 3 hours of product placement. Although I guess the fact that has stuck in my memory 10+ years later means it worked.,analysis,cites Beats/beer-truck examples + reasoning
"You aren't paying less, you are just paying more to not have ads now and the old base price is now the ad tier. You don't qualify somethings value to the public just by it's popularity, ""people use welfare, must mean it is good?"" That is fundamentally your flawed logic.",analysis,structured pricing argument
"To be clear, thats not true. But its a very common misconception",reaction,correction
"It’s probably a foreign intelligence boon with all these incompetent idiots in power. If the president of the United States casts doubt upon the validity of the constitution, whats stopping Tom, Dick and Harry?",reaction,off-topic political
"My teens were pretty fun looking back - maybe you aren't too far out of them, if you're deliberately killing a character in a game over and over because she hurt you wittle papa then I'd guess you still have have a fair bit of growing up to do",reaction,interpersonal jab
"To any layman, wouldn't that be the case? That the firefly's would believe the truth that was given to them by their own propaganda. The only thing thing Joel needed to hear was that it wouldn't kill Ellie. He heard otherwise, and everything else was irrelevant.",analysis,plot-logic interpretation
Yes it’s only the 3rd episode and has no relevance to anything else at all. I think they maybe reference it one time? Letterkenny is mostly a sitcom where each episode is self-contained with 1 or 2 episodes each season that actually advance the overall plot.,reaction,informational structure
No connections to Ray Donovan at all. It's more like if he had to deal with psychopaths and aging gangsters that were getting dementia and subsequently being easily influenced. So a lot more violence and behind the scenes craziness.,reaction,descriptive content comparison
So it's not fine at all then.... it'll be shit till the end.,reaction,shit-valence prediction
I’d rather watch Nerflix adds than Rossmann’s insufferable bitching.,reaction,jab at youtuber
After getting Disney + and Max I don't really use Netflix as much. I really need to ask my parents if they still use it because it feels like wasted money now. The few stuff that comes out I like are so unique to my taste that I don't really have a problem just finding other means to watch them.,reaction,personal streaming-habit musing
"They are scientists doing field research. They are also ""hippies"" who believe that bots are ""people"" and that everyone should just get on. It's very clear in the books that it's a commune - they don't have money but a barter system, group marriages, share the raising of children etc.",reaction,informational lore exposition
"I need you to understand that Nathan writes this shit, so if it seems like he's a villain, it's because him and a room full of writers decided that was the best way to portray the footage. Like he is a 4D genius, plz",hot_take,4D-genius hyperbole
"He maybe whiffed on the presentation but ultimately it does seem like this is the real conclusion he's come to, that having the identified roles that the pilots can lean on as an excuse, even in a joking way is an actionable,pretty much no cost tool.",analysis,interprets Nathan conclusion
"Yeah, I'm a long time Trek dork, and while I enjoyed DS9 it's not in my top three. The crew just never gels for me. I also think Sisko is some kind of rorschach test. I think you see in him whatever you want to see because Avery Brooks' acting is all over the place.",hot_take,personal Trek ranking taste
"Can you please remind me what is ""THE flashback""? I don't recall.",reaction,question
"I didn’t find the first one difficult, but this seems to be very much a YMMV thing and I’m not sure how much of a legitimate diagnostic tool the test actually is. I write about _The Rehearsal_ though so I’m gonna do some research.",reaction,personal/meta
"It's not about justifying Joel's actions. If it was a 100% certain it would have lead to a cure and it was a last resort, then get Ellie's permission (which she even brings up in the second game that she'd be okay with doing it) and do the procedure. She's literally the only person in the world that we know of that's immune. Yet only a few hours after bringing them to the hospital/HQ, they decide to kill her instead of it being a last resort. It's very much ""we've done nothing and we're all our of ideas"". Hell, why didn't the scientists/Fireflies get Ellie's consent if they're so sure this was the only option? If it truly was the only option and last resort (which can't have been the case since it's literally only a few hours since being captured), then she would have likely agreed to it.",analysis,
"True, both Joel and the Fireflies are wrong. The ideal thing would have been to wait for Ellie to wake up and offer her the choice, and hopefully Joel would have been able to make his peace with what she decided.",analysis,reasons about moral options
"Well if we're assuming the whole season's focus on aviation safety was all just build up for his proposal in front of an actual congress member to be a bad business idea like usual, I still think it was disappointing and wasn't very funny.",hot_take,disappointed/not-funny verdict
"I think it actually added more clarity to it than in the game, but yes that convo is the crux for the entire game, cause their relationship was in a damaged but hopeful place and she never got the chance to make amends with joel so going after abby is her way of doing that for herself",analysis,thematic interpretation grounded
"Season 1 was the same. The Bill and Ellie flashback episodes were great, but completely fucked with the pacing. These guys are very good at making individual episodes, but they really need someone on the team to think 'big picture' and manage the whole season.",analysis,cites flashback eps + season-mgmt point
"FWIW it's arguably my favorite show of the past few years but I thought the first episode was very so-so and arguably the worst of the entire show. I also haven't seen Columbo but have seen countless comments about aspects resemblant of it throughout the episodes. So yeah, definitely recommend giving it another try.",hot_take,"first ep worst ranking, unsupported"
Your entire comment became pointless when you went to ask an ai,reaction,jab
"I respectfully super disagree. Saul is good in its own way, but its not the drama masterpiece that Breaking Bad is. Ive rewatched Breaking Bad maybe 12 times and only watched Saul once. I will rewatch is some day, but its a totally different kind of vibe, less thrill and more quick wit",hot_take,BB vs Saul comparative taste
Some level of irony with Rossmann of all people bitching about greed,reaction,
"It's not a retcon and no one was certain. This hyperfocus on whether a cure would work or not is solely rooted in people trying to justify Joel's actions even though that had no bearing on his decision to save Ellie. And no, it's not hinted at ""in one of the writings"" that it would have failed.",analysis,engages narrative specifics to rebut
"The game doesn't suck, it's really good. A lot of people didn't like the direction the story went - which is fair, it's a personal opinion. Can't argue with that. But that doesn't mean the game itself ""sucked"".",hot_take,game-is-good defense
Mad Men obviously but The Crown is great too. Especially seasons 1-4,hot_take,Crown great especially S1-4 (specific stance)
That doesn’t square with telling his daughter it would’ve worked.,analysis,cites plot fact to argue inconsistency
"Just saw your edit for your original comment, hence my confusion.",reaction,
"I'm realizing every week that I very much DO want a 1/1 remake of the game in a TV format, and not getting that is too difficult for me. The story told in the LOU2 game is enough to make me cry just talking about it and I'm so sad that people who don't play video games won't be able to experience it.",reaction,personal emotional preference
I think you missed my point. If I have a Netflix account and only use it *for me* - why would them saying that I can no longer allow others to use it have any impact on my personal decision to continue subscribing?,reaction,conversational point
"I’ve never really understood what people saw in S1 of The Last of Us that made it remarkably better than S1 (or S2) of The Walking Dead — and maybe I’ll get downvoted for saying so, but I’d really prefer if someone would explain what I’m missing because I *want* to appreciate it more.",hot_take,comparative stance framed as question
"Also the ""do better than my father before"" theme that they added into this episode is such a great fucking way to not only give some closure to the Joel storyline for this season but also to set up >!the Ellie, Dina, and JJ storyline in season 3.!<",analysis,cites theme + narrative function
"Yep, I wrote about how stupid the Fireflies' plan was in another comment. They had Ellie for less than a day, and the first thing they do is immediately kill her. Not do any tests on her, studies and experiments, etc that last more than literally *one day*. No competent scientist/researcher would think like this, it's incomprehensible. Wouldn't you want to see how how brain and body react to getting infected? Compare blood tests, CT scans and MRIs, etc, extract some cranial fluid from the spinal tap (which wouldn't kill her), and study it, etc? But no, we have to suspend our disbelief, especially in the second game, that these 20 people could somehow create, mass produce, and distribute the cure *around the world*. Even with a 99% mortality rate, they'd still have to produce 80 million cures. Look at vaccine skepticism now, how will they convince everyone to take it by saying they got it from a single subject without trials or studies? Would you trust a random militia of 20 people that they created a vaccine from one girl? And that's not even factoring in what happens if the fungi mutates to be immune from whatever they create. How does her body react to the fungi's mutation? What if there are side effects to the cure? It falls apart the more you think about it. I've thought about how stupid it is since playing it on the PS3. But the second game/season has everyone act like this was the *only way* to save humanity. Like there are no other people around the world that are trying to find a cure? Ellie is literally a once in a lifetime opportunity. People are acting like it's a binary thing. But Joel's actions in killing everyone is wrong *and* the Fireflies' plan is incredibly stupid and illogical. And the funny thing is that they could have fixed it by setting the climax a year after they arrive at the hospital/HQ. Show and/or imply that they've done many tests and experiments and they've resorted to this. Hell, you don't even have to change the majority of the ending and dialogue except for maybe some more things in the background in parts of the hospital and labs.",analysis,
Way too far down. It's easily my favourite terrible person show.,hot_take,"fav ranking, unsupported"
"Somewhat agree, but I don't agree with them moving that conversation at the end of the game to this episode. It hits so much harder in the feels being at the very end of this story. Although that didn't stop my wife from tearing up nonetheless.",hot_take,scene-placement opinion
"Right, she knew at that point, the only question was if he’d own up to it, which he did. Joel absolutely broke in front of Ellie, and Ellie, while still furious and not condoning it, could see it was an act of love. Both actors did an amazing job selling their points of view.",analysis,scene emotional-logic interpretation
*The Andy Griffith Show* was better than *The Danny Thomas Show*.,hot_take,comparative ranking (T2)
"Same problem as the game really. Abby is a great character, but most people are unable to see past her murder of Joel, which she’s supposed to parallel. Most people fail to realize that they fell in the same revenge pit as Ellie, which ultimately is a great point in the game.",analysis,thematic parallel interpretation
"Just search the game on YouTube and ""movie"" or ""playthrough no commentary"" if you want that. It's a fine way to enjoy the game story even if you don't get the full effect. And it'll also help you see why HBO didn't go that route, because it would have been lazy.",reaction,advice + lazy aside
"Personally I think the criticism Bella has gotten is completely fair, they're such a weak spot in a cast that is so strong and every scene they're in someone else is running rings around them. It's not entirely their fault as the writing/directing has chosen Ellie to still act like a child for whatever reason, but almost every scene this season it feels like Bella is overacting and it's taken me out of so many moments this season. That said this was by far their strongest episode and it's because they're able to play child Ellie again, where they were always decent at. When it comes to Part II Ellie though they've been completely miscast in my opinion and I do believe another actress would have been able to carry the show in ways Bella will never be able to. Seeing Pedro again reminded me of how much this show has dropped off without him and that's not because of the story being told but how it's been executed. Lead actress, writing and directing have all been very mixed this season.",hot_take,"acting impressions, no concrete checkable"
Well for this topic it would fit (kinda) since Dinner Party is considered one of the best episodes and Chair Model comes directly after it. The later seasons didn't have episodes on the level of Dinner Party outside of the last few episodes of the series.,analysis,cites specific Office episodes ranking
Nothing can compare to the highs and lows of high school football,reaction,emotional FNL homage
"I agree, I thought Marissa just ended up annoying and Taylor was hilarious. Was very glad to see her become a main cast member, and she brought out a new side of Ryan that was more interesting to see. That version of the show was never gonna last though.",hot_take,character taste judgments
"I have still a subscription to prime video, my family members all have Disney+, netflix, etc. I switched to pirating everything last year because netflix and Disney+ decided to lock people who aren't near their home IP out, and because prime video has ads that are terribly placed",reaction,personal anecdote/complaint
"Honestly, I lost most interest in this show. This episode, though, was a reminder of how essential Joel’s dynamic and existence was to advancing the story that *I cared about hearing* instead of the story that the *show wants to tell me*. I’ll be blunt; I don’t know how you rectify that issue. This episode drove home that I actually just don’t care, at all, about Ellie or Dina or Abby or anyone else, for that matter. The part of the show that struck a chord with me was Joel’s arc, and with him gone, I realized that this show probably won’t ever have anything else for *me* as a viewer that I care about or connect strongly with. The rest of the season has been a meandering mess of inconsistency, tone breaks, and pacing failures…. But it’s because they’re trying to figure out ways to make me care about who is left… and I just don’t. The best example I came give of this sensation is when you have a group of friends that you fall out of touch with. It’s not necessarily *”Fuck you”*, it’s not necessarily hostile or malicious, it’s just more of a… well, that’s that I guess. I say this as an old male viewer. This show just doesn’t have anything left for me as a viewer. I can’t, and don’t, really care that much about a lot of the tertiary stuff. I don’t care about LGBTQI issues, I don’t care much about the romance arc(s), I don’t care much for Ellie as she has been portrayed. And you know what, that’s fine; there is plenty of other entertainment out there for me, but I think this episode really helped me recognize something that I would bet a lot of other male viewers are going through too, which is that the game cared about my demographic a lot, and the television series… well, it doesn’t. To lose Joel all over again, it’s just a reminder of what a connection I had with the game and this series that can’t/doesn’t/won’t exist again. That bums me out the most.",hot_take,"long but elaborated personal taste, no specifics (T4)"
"People LOVED that monkey, he was brought back by popular demand",reaction,informational
"Have you played or watched the games? Because the reaction from people who haven't is like yours and the reaction from people that have, including me, is one slight disappointment and frustration. This was the best episode of the season so far though.",hot_take,best-episode verdict + fan claim
"The game is one contiguous whole and the show is spread over 2 seasons that are 1-2 years apart. That material reality requires changes in pacing and overall narrative structure, not to mention booking actors and all those more boring logistics.",analysis,medium/production structural argument
That's *Nazi* Dr. Leo Spacemen. It's okay! He wants people to know.,reaction,joke ref
"Would be interested to hear why you think that. With a proper setup you don't even have to download anything yourself these days, just set up Sonarr, point it to a couple sites and then it'll automatically download the shows you tell it to monitor for",reaction,piracy setup advice
Cobra Kai got old after like the fourth season lol I knew the show jumped the shark when they had that big brawl and silver and chozen literally had a sword fight and the cops were nowhere to be seen lol. Entertaining show but it became too goofy and stale at the end.,analysis,cites sword-fight scene as jumped-shark evidence
Thank you. I didn't feel like watching the video right now.,reaction,thanks
"It also had ""Bad Eggs"" (lowest rated episode of the season) followed by ""Surprise"" and ""Innocence"" (two of the highest rated). In fact, that whole season was a rollercoaster of quality: https://i.imgur.com/QHUAGdj.png Source: https://www.ratingraph.com/tv-shows/buffy-the-vampire-slayer-ratings-5631/",analysis,specific episodes+ratings+source link
"And the next step is, you have to watch it. Maybe netflix will only allow 4k if you have a active Webcam on you, who knows. They can make a ad with a text line. You dont need to make a real spot anymore. And since the assets from the shows can be used, you will not be able to see immediately if it's a ad or not.",reaction,speculative Netflix-ads riff
They did that in the game without making him look like an ass.,hot_take,comparison game did it better (T2)
"I never played the game but have been watching the specific cut scenes as the tv series progresses. Watching the game porch scene, Joel says nothing on whether the cure would be obtained. In the tv series, he shakes his head confidently that it would.... In the game, was there another scene where he eluded that the cure was a sure thing? I mean, this piece of information is massive in forming my opinion on his character. If synthesizing a cure was 100%, and he knew it. He is a selfish POS. We're playing the railroad anology here with all of humanity. Easy choice and his actions would be absolutely stupid if it was a certainty. Less than 100% certainty I can emphasize with his character. Was this a miss in the show? Or is it consistent with the game?",analysis,compares specific game vs show scenes
"start by telling me how you really feel. i am pretty amused that people treat this serie as some kind of Shakespeare. it is freaking star wars lol. all the emotion that people feel, completely went over my head.",hot_take,dismissive its-just-star-wars
When he's a bit older I could definitely see that happening.,reaction,speculation
And if the show doesn't work he can go back to criminal minds,reaction,quip
"Neil and Craig are fantastic creators however when the people (HBO execs) holding your coin purse tell you to find a way to not scare off the chuds this time around, you don’t always have the most explicit control",hot_take,speculative exec-meddling claim
"NONE of the characters sound the same except Bart and some of the kids. Like I went right from S7 to ""lemme see whats going on"" and Jesus, it's just a different show. The voices, the setups, the pacing, the music, the animation.",analysis,specific aspect comparison S7 vs now
"If you couldn't parse this sentence, you need to watch less tv",reaction,jab
Cartoon makes small joke about other cartoon. Adults are mad!,reaction,mocking
Obviously you weren’t supposed to get it in the moment. It’s supposed to feel disorienting. And it lands better when paired with her unable being able to play the guitar and finally laying down her anger alongside with the guitar.,analysis,interprets guitar scene
They don’t mind wasting millions on cancelled shows tho do they?,reaction,snark
"There are two things happening here. Ellie knew it wasn't a done deal that they could get a cure. I mean, who could really say for sure? But it was Ellie's choice. She made her choice and Joel took it away from her because he was selfish. He says he loves her and that's true, but he was sparing himself of the pain of losing Ellie. It wasn't a selfless decision, and he robbed Ellie from her decision and robbed the world of a possible cure. That is the main issue, not whether or not it was possible, but that Ellie chose and Joel decided otherwise. It is in clear contrast with what he does with Eugene. With Eugene, even when he knows they could make it work for him to see Gail, Joel knows protocol. It is too dangerous to take him to see Gail so he does what has to be down and shoots Eugene. A typical case of ""do as I say, not as I do"". Joel enters in a contradiction. So yeah, whether or not there cure was feasible was beside the point",analysis,
"No, there are plenty of cool new creatures over at r/aivideo. If anything, I think this shows that a good AI artist is actually important - even professionals can't seem to get much out of these if they don't have the background on how to use them.",reaction,off-topic AI claim
"Trek came to mind immediately. It'll be like 2x05: The crew grapples with the morality of warfare and the need for sacrifices. Highly acclaimed, Hugo nominated. 2x06: The crew encounters an alien race that communicates through aggressive sack taps. 1.5/10 rating and spurned an ironic 'Sack Tap Sunday' among fans.",reaction,comedic Trek parody bit
Meaningless internet points are very important to these people.,reaction,
I think it was the right thing to do - it provides context for Ellie being so fanatical in her quest in a way the game didn’t have to explain (knifing 20 guys in as many minutes being par for the course). And I honestly appreciated not having to wait for the closure between them.,analysis,adaptation reasoning w/ specifics
> They didn't need to spend 2 hours to share it. It was 37 minutes.,reaction,correction
"Benito Skinner is so damn hot and charming, I can’t help but love it, flaws and all. A few things are bugging me though: Something is really strange about the editing / pacing… the transitions from scene to scene feel off. Almost as if they had ideas for lots of funny vignettes but the team lacked a plan for connecting them. I went to a super bro-ey state school and the portrayal of straight dudes is obscenely over the top and gets annoying pretty fast. They were frequently obnoxious, but not THAT bad. Benito is one of the funniest people on the internet. His character in the show is not that funny bc he’s suppressing almost everything ppl adore about him. I’m only 2.5 episodes in but I’m craving more of him as he is today. I hope the story arc brings that out more but what I’m reading in this thread doesn’t sound too promising there. The supporting characters are making me laugh far more than how he wrote himself.",hot_take,"personal review, craft impressions only"
"If I was Nora last episode and that crazy fucker looked at me with the crazy eyes, I would’ve been intimidated. I think Bella is doing fine with the serious moments, this version of Ellie just has more to her than that.",hot_take,acting-defense verdict
"i truly miss those days, when the internet was just a place you could visit for fun crazy nonsense like Cracked articles and Ebaums. also maybe more importantly, it was a place that you could leave. it wasn’t in your pocket trying to sell you shit every moment of your life.",reaction,nostalgic off-topic musing
"It makes no sense that the doctors and researchers would immediately jump to doing a procedure that'll kill her. Why not do some tests? Do blood work, MRIs, CT scans, see if and how she functions differently vs non-immuned people. Make killing her via an operation the *very* last resort. Instead, it's literally the first thing they think of. And even if they somehow they're successful, *then what??*. How will they mass produce it? How will they distribute it? How will they convince people to take it? How will they be certain it won't mutate to be immune to the vaccine? How will they transport if overseas? Will they cooperate with the US military? They have the resources, especially since it's told in the background that CDC is still active. It's even stupider that they're only 20 people...these twenty people are killed and suddenly the movement is dead...",analysis,
Abby’s section didn’t have much of an emotional draw in the game - I liked the parts where she can finally see her Father’s face again.. but otherwise there’s not much to attach to. I wonder how they’ll handle it.,hot_take,not-much-to-attach opinion
"yo, I gotta know, what’s wrong with louis? I thought he was good with things like consumer rights / right to repair, but I don’t know much more than that. also ads supported plan is still paid, so I don’t get how it’s a misleading title",reaction,question
"I’ve been critical of the uneven quality of this season, especially the tone, but this episode was incredible. Very much the quality we’ve come to expect from HBO’s best. I just wish the rest of the season had this level of quality and gravitas.",hot_take,praise verdicts (incredible/HBO best)
Weird af? Did you miss the fragmentation of Joel realizing he's more than his father than he wants to be during her 17th bday? Did you miss his eventual growth and coming to terms with it? It's like the whole theme of growth is lost on you. Even Seth's more acute bigoted outburst gets resolution.,analysis,cites specific scenes to rebut
"Couldn't agree more. Neil Duckmann has nailed this episode. It is good, progressive storytelling that shows how the love-hate relationship between Ellie and Joel developed over the years. It shows how Joel is very restrictive about his new parenthood, if we can call it that, and how he embraces it with all its nuances as the years go by. Like any parent would, he is worried about teenage activities and fearing to lose his child in the disguise of personal space. And in between everything, the episode also shows how Ellie grows as a person, questioning his suspicions to Joel in a subtle way. For me, the porch scene is immensely satisfying and heartbreaking as well. Yes, I hear people talking about how it should have been in the end, but I think the creators established enough precedence in their relationship to let us believe how everything was not right between the two. Pedro Pascal delivers a stellar, mind-blowing depiction of the scene. Having watched episode 2 beforehand, now you can relate to how he (Joel) had felt in the last days of his demise (despite him not knowing he was gonna die), but at the same time, he (Joel) must have felt a little sense of closure about coming clean to Ellie. And most importantly - saying to her that he loves her. P.S - I absolutely agree that this episode's Ellie is the closest we have seen Ellie from season one. Top stuff. Can't wait for the finale and how it sets up for the season 3 to come. Cheers.",analysis,interprets specific scenes; borderline hot_take
"I NEED MY TOOLS!! FETISH SHIT, I LIKE TO BIND, I LIKE TO BE BOUND",reaction,quote
"All of this. I think the show is very self-aware and excels in the space it’s meant to occupy. A lot of people are faulting it for what they want it to be instead of appreciating it for what it is. And I watched it twice in a row, that’s how much I liked it.",hot_take,asserted quality defense
"never played the game so idk how much i even want to keep watching, joel and ellie’s relationship is my favorite part of the show. he didn’t even get to die on decent terms. those people that killed him are the worst",reaction,emotional reaction
"Breaking Bad was much better than Better Call Saul. BCS was good, but plodding and boring at times. I think people just forget how good BB was and have recency bias. Some of the best lines in TV come from BB. “I am the one who knocks.” “I AM the danger.” “I won.” “Maybe you should tread carefully.”",hot_take,BB>BCS comparative taste; quotes decorative
"Yea idk why, The Greatest TV series ever never had to resort to this. Mad Men, The Wire, The Sopranos, even Breaking Bad. They just told the story, they integrated flashbacks when appropriate but never sacrificed the pacing Funny enough, this is actually the best episode of the season",analysis,names acclaimed shows as comparative evidence
"It was mostly terrible because he didn't use any familiar star wars stuff and everything looked way too familiar to earth. Go look at the original Pixar shirt film and consider what people thought about it next to the the last Miyazaki movie to come out before. It wasn't about what it DID it was about showing what it COULD do. Or for that matter God look at the original TRex walk over film from ilm. There is a rhetoric that AI is terrible but what so many people are missing is that it gets exponentially better every few months compared to prior. I don't like its implications but that doesn't matter. It's gonna happen just like CGI happened. It will still require humans and human money but much less of both. You know what the bright side will be? You know all the fantastic ideas people have for star wars stories but zero connection to star wars money?... They'll be able to make star wars fan films eventually however they want. We may end up seeing the coolest star wars stories ever with AI, and for all we you know, YOU will make them.",analysis,analogy to Pixar/ILM shorts as evidence; borderline
"The final partagaz scene of him him sitting alone in the room with the gun, is to juxtapositiion it against when we first see him, in full control of the entire ISB apparatus in the very same room. It's even shot from the same angle.",analysis,specific scene juxtaposition + same angle
"I just done a rewatch and it still holds up today. It’s still some of the best spy/espionage TV ever, a lot of people got too emotional their Brodie was killed, they missed some epic future episode episodes and good written storylines that’s for sure",hot_take,best spy TV asserted + fan claim
"Many companies don't allow you to just allow others to use your account. >Charging people for ad free service now and extra accounts is greedy. I don't see how here really. How many people should be allowed to use your account, exactly?",reaction,conversational policy point
27 episodes in season one ! That’s four seasons these days.,analysis,27 eps as evidence for season-length point
A really amazing episode. It's weird that the Jackson stuff has been great this season but the Seattle stuff has been uttterly rushed. I guess it's easier to direct small-scale drama and a huge epic quest across a destroyed city.,hot_take,amazing verdict + Jackson/Seattle take
"It's a real shame actually. My SO and I feel the exact same way. Something about Bella just isn't it. It was always going to be incredibly difficult to follow Ashley Johnson as Ellie, and Bella just doesn't strike me as someone that can bring the part II Ellie to life.",hot_take,"casting judgment, no specifics"
"Redditors: ""What the fuck does Neil Druckman know about his IP?!""",reaction,mockery
**Prestige Television** * Succession **Sitcom** * It's Always Sunny,reaction,prompt answer
"If they actually think people are not smart enough to figure it out, they're likely saving it for the finale or for some point in the 3rd season. And the 2nd game isn't that complex tbh, people just stopped caring after playing the first couple hours.",hot_take,asserted (game not complex)
"No its a mixture of things, shes not able to act because of her Delivery in Expression. Thats is the Combination of face Expression and Vocal Expression. And Part of the Lack of Vocal Expression is the bad pronounciation of words with the Letter S",analysis,specific acting critique (S pronunciation)
"To piggy back on this, Joel promised Ellie that he wouldn't shoot Eugene. When Ellie confronts him in front on Gail and Tommy though, she says ""You swore"". She isn't talking about Eugene at this point, she's talking about the final shot of season one and knows that Joel lied.",analysis,cites specific dialogue
"I have never had any confidence in the Fireflies to achieve anything. They have always come off like hopeless in over their heads. Even if they could get a vaccine, how the hell could they have ever distributed it?",hot_take,impression Fireflies hopeless
"You can also stop being pedantic and accept that that is useless information in the title, and therefore misleading to imply it impact all paid tiers. This isn't nearly as complex as you're trying to make it out to be.",reaction,meta title dispute
"> In the game, was there another scene where he eluded that the cure was a sure thing? IIRC, in the game it's either implied or mentioned a couple of times that it would have lead to a cure. > If synthesizing a cure was 100%, and he knew it. The ending of the first season is the same as the game. No one is certain, yet only few hours after they're brought to the Firefly HQ/hospital were they doing a last resort of killing her. Like I wrote in another comment, it could have easily been fixed if the climax is set one year after Joel and Ellie are in the Firefly HQ. Hell, most of the dialogue wouldn't need to be changed. > Was this a miss in the show? Or is it consistent with the game? It's open to speculation if a cure would have been creatable. The second game makes it sound like a certainly.",analysis,
"She said she'd watch if it got good again. I thought the finale was good enough for her to watch. So she did. Unfortunately she was unimpressed. To her it didn't qualify for ""good enough to watch again"". I was surprised. So I'm not sure if you needed to watch the preceding episodes to really care about the finale, or else (more likely) she's truly just done with the show. I won't suggest she watch any of season 3 unless it's as good as the season 1 finale. She loved season 1, and was just as excited as I was for season 2. So I guess she really hated the pacing. To me the pacing wasn't perfect, but the story was good enough to overlook it. For her it wasn't. What can you do? (What can you do? Make a custom edit I guess... but so much work I'm not sure it's worth it.)",reaction,personal anecdote about a friend watching (T3)
That sounds like the self-justification of a murderer to me,reaction,conversational
"What’s your point—That the ending of the first game was dogshit because they didn’t take the time to make the development of the cure believable? Or maybe its that it was never intended to be a real choice Joel had to make because it was so unbelievably obvious that the fireflies could never do it, which I guess would still be a dogshit ending because that removes any semblance of critical engagement with the scenario presented and doesn’t actually tell us anything we don’t know about Joel & Ellie’s Dynamic. I tend to believe that we aren’t supposed to think about a lot of the granular logistical elements that you’re mentioning when it comes to the efficacy of the vaccine, and that its just supposed to be a “Would you sacrifice your child to save the world” scenario, but even if it wasn’t then retconning was the right move. Because the only way that ending even means anything is if the quandary is real. If it’s not then it’s a complete waste of everyone’s time. If it’s the former then they should have spent a lot more time making the vaccine development believable, so still a failure of the writing team.",analysis,heated but structured argument; borderline
"thanks OP for the reminder, fantastic show with great music",reaction,thanks+generic praise
